character,card
Ichika,290
Ichika,197t
Ichika,279t
Ichika,316t
Ichika,325t
Ichika,381t
Ichika,416t
Ichika,494t
Nene,144
Nene,269
Nene,348
Nene,359
Nene,411
Nene,475
Nene,181t
Nene,269t
Nene,348t
Nene,450t
Nene,475t
Nene,584
Rui,220
Rui,304
Rui,119t
Rui,182t
Rui,228t
Rui,270t
Rui,301t
Rui,349t
Rui,412t
Rui,601
Luka,238
Luka,161t
Luka,193t
Luka,271t
Luka,320t
Luka,406t
Luka,553t
MEIKO,203
MEIKO,103t
MEIKO,251t
MEIKO,408t
MEIKO,442t
MEIKO,453t
ProsekaOther,192
ProsekaOther,289
ProsekaOther,404
ProsekaOther,456
ProsekaOther,191t
ProsekaOther,218t
ProsekaOther,260t
ProsekaOther,262t
ProsekaOther,289t
ProsekaOther,294t
ProsekaOther,313t
ProsekaOther,350t
ProsekaOther,361t
ProsekaOther,392t
ProsekaOther,399t
ProsekaOther,410t
ProsekaOther,422t
ProsekaOther,437t
ProsekaOther,456
ProsekaOther,523t
ProsekaOther,530
ProsekaOther,545t
ProsekaOther,552t
ProsekaOther,576t
ProsekaOther,603
ProsekaOther,612t
ProsekaOther,622t
ProsekaOther,631t
ProsekaOther,642
Nene,648t
ProsekaOther,651t